La orden del cliente: C1 - Con descripcion Food{description='Pizza', serviceTime=1} ingreso en el tiempo: 1
La orden del cliente: C2 - Con descripcion Food{description='Hamburguesa', serviceTime=2} ingreso en el tiempo: 2
La orden del cliente: C3 - Con descripcion Food{description='Pizza', serviceTime=3} ingreso en el tiempo: 3
La orden del cliente: C5 - Con descripcion Food{description='Hamburguesa', serviceTime=5} ingreso en el tiempo: 5
La orden del cliente: C4 - Con descripcion Food{description='Pizza', serviceTime=4} ingreso en el tiempo: 4
La orden del cliente: C6 - Con descripcion Food{description='Hamburguesa', serviceTime=6} ingreso en el tiempo: 6
La orden del cliente: C7 - Con descripcion Food{description='Asado', serviceTime=7} ingreso en el tiempo: 7
La orden del cliente: C9 - Con descripcion Food{description='Hamburguesa', serviceTime=9} ingreso en el tiempo: 9
La orden del cliente: C8 - Con descripcion Food{description='Asado', serviceTime=8} ingreso en el tiempo: 8
La orden del cliente: C10 - Con descripcion Food{description='Pizza', serviceTime=10} ingreso en el tiempo: 10
La orden del cliente: C11 - Con descripcion Food{description='Hamburguesa', serviceTime=11} ingreso en el tiempo: 11
La orden del cliente: C14 - Con descripcion Food{description='Asado', serviceTime=14} ingreso en el tiempo: 14
La orden del cliente: C12 - Con descripcion Food{description='Hamburguesa', serviceTime=12} ingreso en el tiempo: 12
La orden del cliente: C13 - Con descripcion Food{description='Hamburguesa', serviceTime=13} ingreso en el tiempo: 13
La orden del cliente: C15 - Con descripcion Food{description='Empanadas', serviceTime=15} ingreso en el tiempo: 15
La orden del cliente: C16 - Con descripcion Food{description='Empanadas', serviceTime=16} ingreso en el tiempo: 16
La orden del cliente: C17 - Con descripcion Food{description='Asado', serviceTime=17} ingreso en el tiempo: 17
La orden del cliente: C18 - Con descripcion Food{description='Asado', serviceTime=18} ingreso en el tiempo: 18
La orden del cliente: C19 - Con descripcion Food{description='Hamburguesa', serviceTime=19} ingreso en el tiempo: 19
La orden del cliente: C20 - Con descripcion Food{description='Empanadas', serviceTime=20} ingreso en el tiempo: 20
La orden del cliente: C24 - Con descripcion Food{description='Empanadas', serviceTime=24} ingreso en el tiempo: 24
La orden del cliente: C21 - Con descripcion Food{description='Hamburguesa', serviceTime=21} ingreso en el tiempo: 21
La orden del cliente: C22 - Con descripcion Food{description='Hamburguesa', serviceTime=22} ingreso en el tiempo: 22
La orden del cliente: C23 - Con descripcion Food{description='Pizza', serviceTime=23} ingreso en el tiempo: 23
La orden del cliente: C26 - Con descripcion Food{description='Hamburguesa', serviceTime=26} ingreso en el tiempo: 26
La orden del cliente: C25 - Con descripcion Food{description='Pizza', serviceTime=25} ingreso en el tiempo: 25
La orden del cliente: C27 - Con descripcion Food{description='Pizza', serviceTime=27} ingreso en el tiempo: 27
La orden del cliente: C30 - Con descripcion Food{description='Asado', serviceTime=30} ingreso en el tiempo: 30
La orden del cliente: C32 - Con descripcion Food{description='Asado', serviceTime=32} ingreso en el tiempo: 32
La orden del cliente: C29 - Con descripcion Food{description='Empanadas', serviceTime=29} ingreso en el tiempo: 29
La orden del cliente: C31 - Con descripcion Food{description='Hamburguesa', serviceTime=31} ingreso en el tiempo: 31
La orden del cliente: C28 - Con descripcion Food{description='Pizza', serviceTime=28} ingreso en el tiempo: 28
La orden del cliente: C35 - Con descripcion Food{description='Pizza', serviceTime=35} ingreso en el tiempo: 35
La orden del cliente: C36 - Con descripcion Food{description='Empanadas', serviceTime=36} ingreso en el tiempo: 36
La orden del cliente: C34 - Con descripcion Food{description='Hamburguesa', serviceTime=34} ingreso en el tiempo: 34
La orden del cliente: C37 - Con descripcion Food{description='Hamburguesa', serviceTime=37} ingreso en el tiempo: 37
La orden del cliente: C39 - Con descripcion Food{description='Pizza', serviceTime=39} ingreso en el tiempo: 39
La orden del cliente: C38 - Con descripcion Food{description='Hamburguesa', serviceTime=38} ingreso en el tiempo: 38
La orden del cliente: C41 - Con descripcion Food{description='Pizza', serviceTime=41} ingreso en el tiempo: 41
La orden del cliente: C40 - Con descripcion Food{description='Asado', serviceTime=40} ingreso en el tiempo: 40
La orden del cliente: C42 - Con descripcion Food{description='Asado', serviceTime=42} ingreso en el tiempo: 42
La orden del cliente: C43 - Con descripcion Food{description='Pizza', serviceTime=43} ingreso en el tiempo: 43
La orden del cliente: C46 - Con descripcion Food{description='Asado', serviceTime=46} ingreso en el tiempo: 46
La orden del cliente: C48 - Con descripcion Food{description='Asado', serviceTime=48} ingreso en el tiempo: 48
La orden del cliente: C44 - Con descripcion Food{description='Asado', serviceTime=44} ingreso en el tiempo: 44
La orden del cliente: C50 - Con descripcion Food{description='Pizza', serviceTime=50} ingreso en el tiempo: 50
La orden del cliente: C45 - Con descripcion Food{description='Asado', serviceTime=45} ingreso en el tiempo: 45
La orden del cliente: C47 - Con descripcion Food{description='Pizza', serviceTime=47} ingreso en el tiempo: 47
La orden del cliente: C49 - Con descripcion Food{description='Hamburguesa', serviceTime=49} ingreso en el tiempo: 49
La orden del cliente: C53 - Con descripcion Food{description='Hamburguesa', serviceTime=53} ingreso en el tiempo: 53
La orden del cliente: C51 - Con descripcion Food{description='Pizza', serviceTime=51} ingreso en el tiempo: 51
La orden del cliente: C56 - Con descripcion Food{description='Hamburguesa', serviceTime=56} ingreso en el tiempo: 56
La orden del cliente: C57 - Con descripcion Food{description='Empanadas', serviceTime=57} ingreso en el tiempo: 57
La orden del cliente: C58 - Con descripcion Food{description='Asado', serviceTime=58} ingreso en el tiempo: 58
La orden del cliente: C52 - Con descripcion Food{description='Asado', serviceTime=52} ingreso en el tiempo: 52
La orden del cliente: C54 - Con descripcion Food{description='Pizza', serviceTime=54} ingreso en el tiempo: 54
La orden del cliente: C55 - Con descripcion Food{description='Empanadas', serviceTime=55} ingreso en el tiempo: 55
La orden del cliente: C59 - Con descripcion Food{description='Empanadas', serviceTime=59} ingreso en el tiempo: 59
La orden del cliente: C60 - Con descripcion Food{description='Asado', serviceTime=60} ingreso en el tiempo: 60
La orden del cliente: C62 - Con descripcion Food{description='Asado', serviceTime=62} ingreso en el tiempo: 62
La orden del cliente: C61 - Con descripcion Food{description='Hamburguesa', serviceTime=61} ingreso en el tiempo: 61
La orden del cliente: C63 - Con descripcion Food{description='Empanadas', serviceTime=63} ingreso en el tiempo: 63
La orden del cliente: C64 - Con descripcion Food{description='Empanadas', serviceTime=64} ingreso en el tiempo: 64
La orden del cliente: C65 - Con descripcion Food{description='Pizza', serviceTime=65} ingreso en el tiempo: 65
La orden del cliente: C67 - Con descripcion Food{description='Empanadas', serviceTime=67} ingreso en el tiempo: 67
La orden del cliente: C66 - Con descripcion Food{description='Asado', serviceTime=66} ingreso en el tiempo: 66
La orden del cliente: C70 - Con descripcion Food{description='Asado', serviceTime=70} ingreso en el tiempo: 70
La orden del cliente: C69 - Con descripcion Food{description='Hamburguesa', serviceTime=69} ingreso en el tiempo: 69
La orden del cliente: C73 - Con descripcion Food{description='Hamburguesa', serviceTime=73} ingreso en el tiempo: 73
La orden del cliente: C74 - Con descripcion Food{description='Asado', serviceTime=74} ingreso en el tiempo: 74
La orden del cliente: C71 - Con descripcion Food{description='Asado', serviceTime=71} ingreso en el tiempo: 71
La orden del cliente: C72 - Con descripcion Food{description='Hamburguesa', serviceTime=72} ingreso en el tiempo: 72
La orden del cliente: C75 - Con descripcion Food{description='Pizza', serviceTime=75} ingreso en el tiempo: 75
La orden del cliente: C76 - Con descripcion Food{description='Hamburguesa', serviceTime=76} ingreso en el tiempo: 76
La orden del cliente: C78 - Con descripcion Food{description='Pizza', serviceTime=78} ingreso en el tiempo: 78
La orden del cliente: C77 - Con descripcion Food{description='Hamburguesa', serviceTime=77} ingreso en el tiempo: 77
La orden del cliente: C80 - Con descripcion Food{description='Pizza', serviceTime=80} ingreso en el tiempo: 80
La orden del cliente: C82 - Con descripcion Food{description='Hamburguesa', serviceTime=82} ingreso en el tiempo: 82
La orden del cliente: C79 - Con descripcion Food{description='Hamburguesa', serviceTime=79} ingreso en el tiempo: 79
La orden del cliente: C81 - Con descripcion Food{description='Empanadas', serviceTime=81} ingreso en el tiempo: 81
La orden del cliente: C87 - Con descripcion Food{description='Empanadas', serviceTime=87} ingreso en el tiempo: 87
La orden del cliente: C90 - Con descripcion Food{description='Pizza', serviceTime=90} ingreso en el tiempo: 90
La orden del cliente: C83 - Con descripcion Food{description='Asado', serviceTime=83} ingreso en el tiempo: 83
La orden del cliente: C84 - Con descripcion Food{description='Hamburguesa', serviceTime=84} ingreso en el tiempo: 84
La orden del cliente: C85 - Con descripcion Food{description='Empanadas', serviceTime=85} ingreso en el tiempo: 85
La orden del cliente: C94 - Con descripcion Food{description='Asado', serviceTime=94} ingreso en el tiempo: 94
La orden del cliente: C86 - Con descripcion Food{description='Hamburguesa', serviceTime=86} ingreso en el tiempo: 86
La orden del cliente: C95 - Con descripcion Food{description='Asado', serviceTime=95} ingreso en el tiempo: 95
La orden del cliente: C88 - Con descripcion Food{description='Asado', serviceTime=88} ingreso en el tiempo: 88
La orden del cliente: C89 - Con descripcion Food{description='Hamburguesa', serviceTime=89} ingreso en el tiempo: 89
La orden del cliente: C91 - Con descripcion Food{description='Asado', serviceTime=91} ingreso en el tiempo: 91
La orden del cliente: C99 - Con descripcion Food{description='Empanadas', serviceTime=99} ingreso en el tiempo: 99
La orden del cliente: C92 - Con descripcion Food{description='Hamburguesa', serviceTime=92} ingreso en el tiempo: 92
La orden del cliente: C93 - Con descripcion Food{description='Asado', serviceTime=93} ingreso en el tiempo: 93
La orden del cliente: C96 - Con descripcion Food{description='Pizza', serviceTime=96} ingreso en el tiempo: 96
La orden del cliente: C97 - Con descripcion Food{description='Empanadas', serviceTime=97} ingreso en el tiempo: 97
La orden del cliente: C104 - Con descripcion Food{description='Asado', serviceTime=104} ingreso en el tiempo: 104
La orden del cliente: C98 - Con descripcion Food{description='Pizza', serviceTime=98} ingreso en el tiempo: 98
La orden del cliente: C100 - Con descripcion Food{description='Hamburguesa', serviceTime=100} ingreso en el tiempo: 100
La orden del cliente: C101 - Con descripcion Food{description='Pizza', serviceTime=101} ingreso en el tiempo: 101
La orden del cliente: C106 - Con descripcion Food{description='Empanadas', serviceTime=106} ingreso en el tiempo: 106
La orden del cliente: C102 - Con descripcion Food{description='Empanadas', serviceTime=102} ingreso en el tiempo: 102
La orden del cliente: C103 - Con descripcion Food{description='Asado', serviceTime=103} ingreso en el tiempo: 103
La orden del cliente: C108 - Con descripcion Food{description='Pizza', serviceTime=108} ingreso en el tiempo: 108
La orden del cliente: C113 - Con descripcion Food{description='Empanadas', serviceTime=113} ingreso en el tiempo: 113
La orden del cliente: C105 - Con descripcion Food{description='Pizza', serviceTime=105} ingreso en el tiempo: 105
La orden del cliente: C114 - Con descripcion Food{description='Empanadas', serviceTime=114} ingreso en el tiempo: 114
La orden del cliente: C115 - Con descripcion Food{description='Asado', serviceTime=115} ingreso en el tiempo: 115
La orden del cliente: C107 - Con descripcion Food{description='Hamburguesa', serviceTime=107} ingreso en el tiempo: 107
La orden del cliente: C109 - Con descripcion Food{description='Empanadas', serviceTime=109} ingreso en el tiempo: 109
La orden del cliente: C110 - Con descripcion Food{description='Empanadas', serviceTime=110} ingreso en el tiempo: 110
La orden del cliente: C111 - Con descripcion Food{description='Hamburguesa', serviceTime=111} ingreso en el tiempo: 111
La orden del cliente: C112 - Con descripcion Food{description='Asado', serviceTime=112} ingreso en el tiempo: 112
La orden del cliente: C116 - Con descripcion Food{description='Pizza', serviceTime=116} ingreso en el tiempo: 116
La orden del cliente: C117 - Con descripcion Food{description='Asado', serviceTime=117} ingreso en el tiempo: 117
La orden del cliente: C121 - Con descripcion Food{description='Empanadas', serviceTime=121} ingreso en el tiempo: 121
La orden del cliente: C122 - Con descripcion Food{description='Hamburguesa', serviceTime=122} ingreso en el tiempo: 122
La orden del cliente: C119 - Con descripcion Food{description='Pizza', serviceTime=119} ingreso en el tiempo: 119
La orden del cliente: C118 - Con descripcion Food{description='Hamburguesa', serviceTime=118} ingreso en el tiempo: 118
La orden del cliente: C123 - Con descripcion Food{description='Pizza', serviceTime=123} ingreso en el tiempo: 123
La orden del cliente: C124 - Con descripcion Food{description='Hamburguesa', serviceTime=124} ingreso en el tiempo: 124
La orden del cliente: C125 - Con descripcion Food{description='Pizza', serviceTime=125} ingreso en el tiempo: 125
La orden del cliente: C120 - Con descripcion Food{description='Hamburguesa', serviceTime=120} ingreso en el tiempo: 120
La orden del cliente: C128 - Con descripcion Food{description='Hamburguesa', serviceTime=128} ingreso en el tiempo: 128
La orden del cliente: C126 - Con descripcion Food{description='Asado', serviceTime=126} ingreso en el tiempo: 126
La orden del cliente: C129 - Con descripcion Food{description='Asado', serviceTime=129} ingreso en el tiempo: 129
La orden del cliente: C127 - Con descripcion Food{description='Hamburguesa', serviceTime=127} ingreso en el tiempo: 127
La orden del cliente: C131 - Con descripcion Food{description='Pizza', serviceTime=131} ingreso en el tiempo: 131
La orden del cliente: C132 - Con descripcion Food{description='Hamburguesa', serviceTime=132} ingreso en el tiempo: 132
La orden del cliente: C133 - Con descripcion Food{description='Asado', serviceTime=133} ingreso en el tiempo: 133
La orden del cliente: C130 - Con descripcion Food{description='Asado', serviceTime=130} ingreso en el tiempo: 130
La orden del cliente: C134 - Con descripcion Food{description='Hamburguesa', serviceTime=134} ingreso en el tiempo: 134
La orden del cliente: C136 - Con descripcion Food{description='Empanadas', serviceTime=136} ingreso en el tiempo: 136
La orden del cliente: C135 - Con descripcion Food{description='Hamburguesa', serviceTime=135} ingreso en el tiempo: 135
La orden del cliente: C137 - Con descripcion Food{description='Empanadas', serviceTime=137} ingreso en el tiempo: 137
La orden del cliente: C139 - Con descripcion Food{description='Pizza', serviceTime=139} ingreso en el tiempo: 139
La orden del cliente: C138 - Con descripcion Food{description='Hamburguesa', serviceTime=138} ingreso en el tiempo: 138
La orden del cliente: C140 - Con descripcion Food{description='Asado', serviceTime=140} ingreso en el tiempo: 140
La orden del cliente: C142 - Con descripcion Food{description='Asado', serviceTime=142} ingreso en el tiempo: 142
La orden del cliente: C141 - Con descripcion Food{description='Hamburguesa', serviceTime=141} ingreso en el tiempo: 141
La orden del cliente: C143 - Con descripcion Food{description='Asado', serviceTime=143} ingreso en el tiempo: 143
La orden del cliente: C144 - Con descripcion Food{description='Asado', serviceTime=144} ingreso en el tiempo: 144
La orden del cliente: C145 - Con descripcion Food{description='Pizza', serviceTime=145} ingreso en el tiempo: 145
La orden del cliente: C146 - Con descripcion Food{description='Empanadas', serviceTime=146} ingreso en el tiempo: 146
La orden del cliente: C147 - Con descripcion Food{description='Asado', serviceTime=147} ingreso en el tiempo: 147
La orden del cliente: C148 - Con descripcion Food{description='Pizza', serviceTime=148} ingreso en el tiempo: 148
La orden del cliente: C149 - Con descripcion Food{description='Empanadas', serviceTime=149} ingreso en el tiempo: 149
La orden del cliente: C150 - Con descripcion Food{description='Hamburguesa', serviceTime=150} ingreso en el tiempo: 150
La orden del cliente: C151 - Con descripcion Food{description='Asado', serviceTime=151} ingreso en el tiempo: 151
La orden del cliente: C152 - Con descripcion Food{description='Pizza', serviceTime=152} ingreso en el tiempo: 152
La orden del cliente: C153 - Con descripcion Food{description='Pizza', serviceTime=153} ingreso en el tiempo: 153
La orden del cliente: C154 - Con descripcion Food{description='Pizza', serviceTime=154} ingreso en el tiempo: 154
La orden del cliente: C155 - Con descripcion Food{description='Pizza', serviceTime=155} ingreso en el tiempo: 155
La orden del cliente: C156 - Con descripcion Food{description='Asado', serviceTime=156} ingreso en el tiempo: 156
La orden del cliente: C157 - Con descripcion Food{description='Empanadas', serviceTime=157} ingreso en el tiempo: 157
La orden del cliente: C158 - Con descripcion Food{description='Pizza', serviceTime=158} ingreso en el tiempo: 158
La orden del cliente: C159 - Con descripcion Food{description='Asado', serviceTime=159} ingreso en el tiempo: 159
La orden del cliente: C160 - Con descripcion Food{description='Asado', serviceTime=160} ingreso en el tiempo: 160
La orden del cliente: C161 - Con descripcion Food{description='Pizza', serviceTime=161} ingreso en el tiempo: 161
La orden del cliente: C163 - Con descripcion Food{description='Hamburguesa', serviceTime=163} ingreso en el tiempo: 163
La orden del cliente: C167 - Con descripcion Food{description='Hamburguesa', serviceTime=167} ingreso en el tiempo: 167
La orden del cliente: C168 - Con descripcion Food{description='Asado', serviceTime=168} ingreso en el tiempo: 168
La orden del cliente: C162 - Con descripcion Food{description='Asado', serviceTime=162} ingreso en el tiempo: 162
La orden del cliente: C171 - Con descripcion Food{description='Asado', serviceTime=171} ingreso en el tiempo: 171
La orden del cliente: C164 - Con descripcion Food{description='Empanadas', serviceTime=164} ingreso en el tiempo: 164
La orden del cliente: C173 - Con descripcion Food{description='Hamburguesa', serviceTime=173} ingreso en el tiempo: 173
La orden del cliente: C165 - Con descripcion Food{description='Asado', serviceTime=165} ingreso en el tiempo: 165
La orden del cliente: C174 - Con descripcion Food{description='Hamburguesa', serviceTime=174} ingreso en el tiempo: 174
La orden del cliente: C166 - Con descripcion Food{description='Hamburguesa', serviceTime=166} ingreso en el tiempo: 166
La orden del cliente: C175 - Con descripcion Food{description='Asado', serviceTime=175} ingreso en el tiempo: 175
La orden del cliente: C169 - Con descripcion Food{description='Empanadas', serviceTime=169} ingreso en el tiempo: 169
La orden del cliente: C170 - Con descripcion Food{description='Empanadas', serviceTime=170} ingreso en el tiempo: 170
La orden del cliente: C172 - Con descripcion Food{description='Hamburguesa', serviceTime=172} ingreso en el tiempo: 172
La orden del cliente: C176 - Con descripcion Food{description='Hamburguesa', serviceTime=176} ingreso en el tiempo: 176
La orden del cliente: C177 - Con descripcion Food{description='Pizza', serviceTime=177} ingreso en el tiempo: 177
La orden del cliente: C178 - Con descripcion Food{description='Hamburguesa', serviceTime=178} ingreso en el tiempo: 178
La orden del cliente: C179 - Con descripcion Food{description='Hamburguesa', serviceTime=179} ingreso en el tiempo: 179
La orden del cliente: C180 - Con descripcion Food{description='Asado', serviceTime=180} ingreso en el tiempo: 180
La orden del cliente: C181 - Con descripcion Food{description='Pizza', serviceTime=181} ingreso en el tiempo: 181
La orden del cliente: C182 - Con descripcion Food{description='Pizza', serviceTime=182} ingreso en el tiempo: 182
La orden del cliente: C183 - Con descripcion Food{description='Asado', serviceTime=183} ingreso en el tiempo: 183
La orden del cliente: C184 - Con descripcion Food{description='Hamburguesa', serviceTime=184} ingreso en el tiempo: 184
La orden del cliente: C185 - Con descripcion Food{description='Asado', serviceTime=185} ingreso en el tiempo: 185
La orden del cliente: C189 - Con descripcion Food{description='Hamburguesa', serviceTime=189} ingreso en el tiempo: 189
La orden del cliente: C186 - Con descripcion Food{description='Hamburguesa', serviceTime=186} ingreso en el tiempo: 186
La orden del cliente: C190 - Con descripcion Food{description='Empanadas', serviceTime=190} ingreso en el tiempo: 190
La orden del cliente: C187 - Con descripcion Food{description='Empanadas', serviceTime=187} ingreso en el tiempo: 187
La orden del cliente: C188 - Con descripcion Food{description='Empanadas', serviceTime=188} ingreso en el tiempo: 188
La orden del cliente: C193 - Con descripcion Food{description='Asado', serviceTime=193} ingreso en el tiempo: 193
La orden del cliente: C191 - Con descripcion Food{description='Asado', serviceTime=191} ingreso en el tiempo: 191
La orden del cliente: C195 - Con descripcion Food{description='Empanadas', serviceTime=195} ingreso en el tiempo: 195
La orden del cliente: C192 - Con descripcion Food{description='Asado', serviceTime=192} ingreso en el tiempo: 192
La orden del cliente: C197 - Con descripcion Food{description='Asado', serviceTime=197} ingreso en el tiempo: 197
La orden del cliente: C194 - Con descripcion Food{description='Hamburguesa', serviceTime=194} ingreso en el tiempo: 194
La orden del cliente: C196 - Con descripcion Food{description='Hamburguesa', serviceTime=196} ingreso en el tiempo: 196
La orden del cliente: C199 - Con descripcion Food{description='Empanadas', serviceTime=199} ingreso en el tiempo: 199
La orden del cliente: C198 - Con descripcion Food{description='Asado', serviceTime=198} ingreso en el tiempo: 198
La orden del cliente: C202 - Con descripcion Food{description='Empanadas', serviceTime=202} ingreso en el tiempo: 202
La orden del cliente: C200 - Con descripcion Food{description='Asado', serviceTime=200} ingreso en el tiempo: 200
La orden del cliente: C204 - Con descripcion Food{description='Asado', serviceTime=204} ingreso en el tiempo: 204
La orden del cliente: C201 - Con descripcion Food{description='Asado', serviceTime=201} ingreso en el tiempo: 201
La orden del cliente: C203 - Con descripcion Food{description='Empanadas', serviceTime=203} ingreso en el tiempo: 203
La orden del cliente: C210 - Con descripcion Food{description='Pizza', serviceTime=210} ingreso en el tiempo: 210
La orden del cliente: C205 - Con descripcion Food{description='Asado', serviceTime=205} ingreso en el tiempo: 205
La orden del cliente: C206 - Con descripcion Food{description='Empanadas', serviceTime=206} ingreso en el tiempo: 206
La orden del cliente: C212 - Con descripcion Food{description='Asado', serviceTime=212} ingreso en el tiempo: 212
La orden del cliente: C207 - Con descripcion Food{description='Empanadas', serviceTime=207} ingreso en el tiempo: 207
La orden del cliente: C208 - Con descripcion Food{description='Empanadas', serviceTime=208} ingreso en el tiempo: 208
La orden del cliente: C215 - Con descripcion Food{description='Pizza', serviceTime=215} ingreso en el tiempo: 215
La orden del cliente: C209 - Con descripcion Food{description='Asado', serviceTime=209} ingreso en el tiempo: 209
La orden del cliente: C211 - Con descripcion Food{description='Pizza', serviceTime=211} ingreso en el tiempo: 211
La orden del cliente: C218 - Con descripcion Food{description='Pizza', serviceTime=218} ingreso en el tiempo: 218
La orden del cliente: C219 - Con descripcion Food{description='Empanadas', serviceTime=219} ingreso en el tiempo: 219
La orden del cliente: C220 - Con descripcion Food{description='Empanadas', serviceTime=220} ingreso en el tiempo: 220
La orden del cliente: C213 - Con descripcion Food{description='Empanadas', serviceTime=213} ingreso en el tiempo: 213
La orden del cliente: C222 - Con descripcion Food{description='Pizza', serviceTime=222} ingreso en el tiempo: 222
La orden del cliente: C223 - Con descripcion Food{description='Pizza', serviceTime=223} ingreso en el tiempo: 223
La orden del cliente: C227 - Con descripcion Food{description='Hamburguesa', serviceTime=227} ingreso en el tiempo: 227
La orden del cliente: C214 - Con descripcion Food{description='Empanadas', serviceTime=214} ingreso en el tiempo: 214
La orden del cliente: C229 - Con descripcion Food{description='Asado', serviceTime=229} ingreso en el tiempo: 229
La orden del cliente: C216 - Con descripcion Food{description='Pizza', serviceTime=216} ingreso en el tiempo: 216
La orden del cliente: C217 - Con descripcion Food{description='Pizza', serviceTime=217} ingreso en el tiempo: 217
La orden del cliente: C221 - Con descripcion Food{description='Empanadas', serviceTime=221} ingreso en el tiempo: 221
La orden del cliente: C224 - Con descripcion Food{description='Hamburguesa', serviceTime=224} ingreso en el tiempo: 224
La orden del cliente: C225 - Con descripcion Food{description='Pizza', serviceTime=225} ingreso en el tiempo: 225
La orden del cliente: C226 - Con descripcion Food{description='Pizza', serviceTime=226} ingreso en el tiempo: 226
La orden del cliente: C228 - Con descripcion Food{description='Asado', serviceTime=228} ingreso en el tiempo: 228
La orden del cliente: C230 - Con descripcion Food{description='Hamburguesa', serviceTime=230} ingreso en el tiempo: 230
La orden del cliente: C231 - Con descripcion Food{description='Asado', serviceTime=231} ingreso en el tiempo: 231
La orden del cliente: C232 - Con descripcion Food{description='Empanadas', serviceTime=232} ingreso en el tiempo: 232
La orden del cliente: C233 - Con descripcion Food{description='Asado', serviceTime=233} ingreso en el tiempo: 233
La orden del cliente: C234 - Con descripcion Food{description='Hamburguesa', serviceTime=234} ingreso en el tiempo: 234
La orden del cliente: C236 - Con descripcion Food{description='Asado', serviceTime=236} ingreso en el tiempo: 236
La orden del cliente: C238 - Con descripcion Food{description='Pizza', serviceTime=238} ingreso en el tiempo: 238
La orden del cliente: C244 - Con descripcion Food{description='Empanadas', serviceTime=244} ingreso en el tiempo: 244
La orden del cliente: C235 - Con descripcion Food{description='Hamburguesa', serviceTime=235} ingreso en el tiempo: 235
La orden del cliente: C237 - Con descripcion Food{description='Hamburguesa', serviceTime=237} ingreso en el tiempo: 237
La orden del cliente: C239 - Con descripcion Food{description='Hamburguesa', serviceTime=239} ingreso en el tiempo: 239
La orden del cliente: C247 - Con descripcion Food{description='Pizza', serviceTime=247} ingreso en el tiempo: 247
La orden del cliente: C240 - Con descripcion Food{description='Asado', serviceTime=240} ingreso en el tiempo: 240
La orden del cliente: C241 - Con descripcion Food{description='Empanadas', serviceTime=241} ingreso en el tiempo: 241
La orden del cliente: C242 - Con descripcion Food{description='Hamburguesa', serviceTime=242} ingreso en el tiempo: 242
La orden del cliente: C243 - Con descripcion Food{description='Asado', serviceTime=243} ingreso en el tiempo: 243
La orden del cliente: C245 - Con descripcion Food{description='Hamburguesa', serviceTime=245} ingreso en el tiempo: 245
La orden del cliente: C246 - Con descripcion Food{description='Pizza', serviceTime=246} ingreso en el tiempo: 246
La orden del cliente: C249 - Con descripcion Food{description='Hamburguesa', serviceTime=249} ingreso en el tiempo: 249
La orden del cliente: C250 - Con descripcion Food{description='Hamburguesa', serviceTime=250} ingreso en el tiempo: 250
La orden del cliente: C251 - Con descripcion Food{description='Hamburguesa', serviceTime=251} ingreso en el tiempo: 251
La orden del cliente: C252 - Con descripcion Food{description='Hamburguesa', serviceTime=252} ingreso en el tiempo: 252
La orden del cliente: C254 - Con descripcion Food{description='Pizza', serviceTime=254} ingreso en el tiempo: 254
La orden del cliente: C248 - Con descripcion Food{description='Asado', serviceTime=248} ingreso en el tiempo: 248
La orden del cliente: C255 - Con descripcion Food{description='Pizza', serviceTime=255} ingreso en el tiempo: 255
La orden del cliente: C261 - Con descripcion Food{description='Pizza', serviceTime=261} ingreso en el tiempo: 261
La orden del cliente: C257 - Con descripcion Food{description='Empanadas', serviceTime=257} ingreso en el tiempo: 257
La orden del cliente: C263 - Con descripcion Food{description='Pizza', serviceTime=263} ingreso en el tiempo: 263
La orden del cliente: C253 - Con descripcion Food{description='Hamburguesa', serviceTime=253} ingreso en el tiempo: 253
La orden del cliente: C256 - Con descripcion Food{description='Empanadas', serviceTime=256} ingreso en el tiempo: 256
La orden del cliente: C264 - Con descripcion Food{description='Hamburguesa', serviceTime=264} ingreso en el tiempo: 264
La orden del cliente: C258 - Con descripcion Food{description='Empanadas', serviceTime=258} ingreso en el tiempo: 258
La orden del cliente: C259 - Con descripcion Food{description='Hamburguesa', serviceTime=259} ingreso en el tiempo: 259
La orden del cliente: C266 - Con descripcion Food{description='Pizza', serviceTime=266} ingreso en el tiempo: 266
La orden del cliente: C260 - Con descripcion Food{description='Asado', serviceTime=260} ingreso en el tiempo: 260
La orden del cliente: C267 - Con descripcion Food{description='Hamburguesa', serviceTime=267} ingreso en el tiempo: 267
La orden del cliente: C268 - Con descripcion Food{description='Pizza', serviceTime=268} ingreso en el tiempo: 268
La orden del cliente: C262 - Con descripcion Food{description='Hamburguesa', serviceTime=262} ingreso en el tiempo: 262
La orden del cliente: C269 - Con descripcion Food{description='Hamburguesa', serviceTime=269} ingreso en el tiempo: 269
La orden del cliente: C270 - Con descripcion Food{description='Asado', serviceTime=270} ingreso en el tiempo: 270
La orden del cliente: C271 - Con descripcion Food{description='Hamburguesa', serviceTime=271} ingreso en el tiempo: 271
La orden del cliente: C265 - Con descripcion Food{description='Hamburguesa', serviceTime=265} ingreso en el tiempo: 265
La orden del cliente: C272 - Con descripcion Food{description='Pizza', serviceTime=272} ingreso en el tiempo: 272
La orden del cliente: C273 - Con descripcion Food{description='Pizza', serviceTime=273} ingreso en el tiempo: 273
La orden del cliente: C274 - Con descripcion Food{description='Hamburguesa', serviceTime=274} ingreso en el tiempo: 274
La orden del cliente: C275 - Con descripcion Food{description='Asado', serviceTime=275} ingreso en el tiempo: 275
La orden del cliente: C276 - Con descripcion Food{description='Hamburguesa', serviceTime=276} ingreso en el tiempo: 276
La orden del cliente: C279 - Con descripcion Food{description='Pizza', serviceTime=279} ingreso en el tiempo: 279
La orden del cliente: C280 - Con descripcion Food{description='Pizza', serviceTime=280} ingreso en el tiempo: 280
La orden del cliente: C277 - Con descripcion Food{description='Pizza', serviceTime=277} ingreso en el tiempo: 277
La orden del cliente: C281 - Con descripcion Food{description='Empanadas', serviceTime=281} ingreso en el tiempo: 281
La orden del cliente: C278 - Con descripcion Food{description='Empanadas', serviceTime=278} ingreso en el tiempo: 278
La orden del cliente: C283 - Con descripcion Food{description='Pizza', serviceTime=283} ingreso en el tiempo: 283
La orden del cliente: C285 - Con descripcion Food{description='Hamburguesa', serviceTime=285} ingreso en el tiempo: 285
La orden del cliente: C282 - Con descripcion Food{description='Asado', serviceTime=282} ingreso en el tiempo: 282
La orden del cliente: C287 - Con descripcion Food{description='Asado', serviceTime=287} ingreso en el tiempo: 287
La orden del cliente: C284 - Con descripcion Food{description='Pizza', serviceTime=284} ingreso en el tiempo: 284
La orden del cliente: C288 - Con descripcion Food{description='Empanadas', serviceTime=288} ingreso en el tiempo: 288
La orden del cliente: C289 - Con descripcion Food{description='Asado', serviceTime=289} ingreso en el tiempo: 289
La orden del cliente: C286 - Con descripcion Food{description='Empanadas', serviceTime=286} ingreso en el tiempo: 286
La orden del cliente: C290 - Con descripcion Food{description='Empanadas', serviceTime=290} ingreso en el tiempo: 290
La orden del cliente: C292 - Con descripcion Food{description='Empanadas', serviceTime=292} ingreso en el tiempo: 292
La orden del cliente: C291 - Con descripcion Food{description='Empanadas', serviceTime=291} ingreso en el tiempo: 291
La orden del cliente: C295 - Con descripcion Food{description='Pizza', serviceTime=295} ingreso en el tiempo: 295
La orden del cliente: C296 - Con descripcion Food{description='Asado', serviceTime=296} ingreso en el tiempo: 296
La orden del cliente: C293 - Con descripcion Food{description='Asado', serviceTime=293} ingreso en el tiempo: 293
La orden del cliente: C297 - Con descripcion Food{description='Pizza', serviceTime=297} ingreso en el tiempo: 297
La orden del cliente: C294 - Con descripcion Food{description='Asado', serviceTime=294} ingreso en el tiempo: 294
La orden del cliente: C298 - Con descripcion Food{description='Empanadas', serviceTime=298} ingreso en el tiempo: 298
La orden del cliente: C299 - Con descripcion Food{description='Asado', serviceTime=299} ingreso en el tiempo: 299
La orden del cliente: C300 - Con descripcion Food{description='Empanadas', serviceTime=300} ingreso en el tiempo: 300
La orden del cliente: C301 - Con descripcion Food{description='Asado', serviceTime=301} ingreso en el tiempo: 301
La orden del cliente: C302 - Con descripcion Food{description='Asado', serviceTime=302} ingreso en el tiempo: 302
La orden del cliente: C303 - Con descripcion Food{description='Pizza', serviceTime=303} ingreso en el tiempo: 303
La orden del cliente: C304 - Con descripcion Food{description='Pizza', serviceTime=304} ingreso en el tiempo: 304
La orden del cliente: C305 - Con descripcion Food{description='Asado', serviceTime=305} ingreso en el tiempo: 305
La orden del cliente: C306 - Con descripcion Food{description='Empanadas', serviceTime=306} ingreso en el tiempo: 306
La orden del cliente: C307 - Con descripcion Food{description='Asado', serviceTime=307} ingreso en el tiempo: 307
La orden del cliente: C308 - Con descripcion Food{description='Pizza', serviceTime=308} ingreso en el tiempo: 308
La orden del cliente: C309 - Con descripcion Food{description='Hamburguesa', serviceTime=309} ingreso en el tiempo: 309
La orden del cliente: C310 - Con descripcion Food{description='Pizza', serviceTime=310} ingreso en el tiempo: 310
La orden del cliente: C311 - Con descripcion Food{description='Empanadas', serviceTime=311} ingreso en el tiempo: 311
La orden del cliente: C312 - Con descripcion Food{description='Asado', serviceTime=312} ingreso en el tiempo: 312
La orden del cliente: C313 - Con descripcion Food{description='Empanadas', serviceTime=313} ingreso en el tiempo: 313
La orden del cliente: C314 - Con descripcion Food{description='Pizza', serviceTime=314} ingreso en el tiempo: 314
La orden del cliente: C315 - Con descripcion Food{description='Asado', serviceTime=315} ingreso en el tiempo: 315
La orden del cliente: C316 - Con descripcion Food{description='Asado', serviceTime=316} ingreso en el tiempo: 316
La orden del cliente: C317 - Con descripcion Food{description='Asado', serviceTime=317} ingreso en el tiempo: 317
La orden del cliente: C318 - Con descripcion Food{description='Hamburguesa', serviceTime=318} ingreso en el tiempo: 318
La orden del cliente: C320 - Con descripcion Food{description='Asado', serviceTime=320} ingreso en el tiempo: 320
La orden del cliente: C319 - Con descripcion Food{description='Pizza', serviceTime=319} ingreso en el tiempo: 319
La orden del cliente: C321 - Con descripcion Food{description='Asado', serviceTime=321} ingreso en el tiempo: 321
La orden del cliente: C323 - Con descripcion Food{description='Asado', serviceTime=323} ingreso en el tiempo: 323
La orden del cliente: C322 - Con descripcion Food{description='Pizza', serviceTime=322} ingreso en el tiempo: 322
La orden del cliente: C325 - Con descripcion Food{description='Asado', serviceTime=325} ingreso en el tiempo: 325
La orden del cliente: C324 - Con descripcion Food{description='Empanadas', serviceTime=324} ingreso en el tiempo: 324
La orden del cliente: C327 - Con descripcion Food{description='Pizza', serviceTime=327} ingreso en el tiempo: 327
La orden del cliente: C326 - Con descripcion Food{description='Empanadas', serviceTime=326} ingreso en el tiempo: 326
La orden del cliente: C328 - Con descripcion Food{description='Asado', serviceTime=328} ingreso en el tiempo: 328
La orden del cliente: C330 - Con descripcion Food{description='Asado', serviceTime=330} ingreso en el tiempo: 330
La orden del cliente: C331 - Con descripcion Food{description='Empanadas', serviceTime=331} ingreso en el tiempo: 331
La orden del cliente: C329 - Con descripcion Food{description='Pizza', serviceTime=329} ingreso en el tiempo: 329
La orden del cliente: C333 - Con descripcion Food{description='Empanadas', serviceTime=333} ingreso en el tiempo: 333
La orden del cliente: C334 - Con descripcion Food{description='Pizza', serviceTime=334} ingreso en el tiempo: 334
La orden del cliente: C335 - Con descripcion Food{description='Asado', serviceTime=335} ingreso en el tiempo: 335
La orden del cliente: C332 - Con descripcion Food{description='Pizza', serviceTime=332} ingreso en el tiempo: 332
La orden del cliente: C337 - Con descripcion Food{description='Asado', serviceTime=337} ingreso en el tiempo: 337
La orden del cliente: C338 - Con descripcion Food{description='Pizza', serviceTime=338} ingreso en el tiempo: 338
La orden del cliente: C339 - Con descripcion Food{description='Hamburguesa', serviceTime=339} ingreso en el tiempo: 339
La orden del cliente: C336 - Con descripcion Food{description='Hamburguesa', serviceTime=336} ingreso en el tiempo: 336
La orden del cliente: C341 - Con descripcion Food{description='Empanadas', serviceTime=341} ingreso en el tiempo: 341
La orden del cliente: C342 - Con descripcion Food{description='Empanadas', serviceTime=342} ingreso en el tiempo: 342
La orden del cliente: C343 - Con descripcion Food{description='Asado', serviceTime=343} ingreso en el tiempo: 343
La orden del cliente: C340 - Con descripcion Food{description='Empanadas', serviceTime=340} ingreso en el tiempo: 340
La orden del cliente: C344 - Con descripcion Food{description='Empanadas', serviceTime=344} ingreso en el tiempo: 344
La orden del cliente: C345 - Con descripcion Food{description='Empanadas', serviceTime=345} ingreso en el tiempo: 345
La orden del cliente: C346 - Con descripcion Food{description='Hamburguesa', serviceTime=346} ingreso en el tiempo: 346
La orden del cliente: C347 - Con descripcion Food{description='Empanadas', serviceTime=347} ingreso en el tiempo: 347
La orden del cliente: C348 - Con descripcion Food{description='Asado', serviceTime=348} ingreso en el tiempo: 348
La orden del cliente: C349 - Con descripcion Food{description='Empanadas', serviceTime=349} ingreso en el tiempo: 349
La orden del cliente: C352 - Con descripcion Food{description='Hamburguesa', serviceTime=352} ingreso en el tiempo: 352
La orden del cliente: C350 - Con descripcion Food{description='Asado', serviceTime=350} ingreso en el tiempo: 350
La orden del cliente: C351 - Con descripcion Food{description='Empanadas', serviceTime=351} ingreso en el tiempo: 351
La orden del cliente: C354 - Con descripcion Food{description='Hamburguesa', serviceTime=354} ingreso en el tiempo: 354
La orden del cliente: C355 - Con descripcion Food{description='Asado', serviceTime=355} ingreso en el tiempo: 355
La orden del cliente: C356 - Con descripcion Food{description='Empanadas', serviceTime=356} ingreso en el tiempo: 356
La orden del cliente: C358 - Con descripcion Food{description='Asado', serviceTime=358} ingreso en el tiempo: 358
La orden del cliente: C359 - Con descripcion Food{description='Empanadas', serviceTime=359} ingreso en el tiempo: 359
La orden del cliente: C353 - Con descripcion Food{description='Empanadas', serviceTime=353} ingreso en el tiempo: 353
La orden del cliente: C361 - Con descripcion Food{description='Hamburguesa', serviceTime=361} ingreso en el tiempo: 361
La orden del cliente: C357 - Con descripcion Food{description='Asado', serviceTime=357} ingreso en el tiempo: 357
La orden del cliente: C364 - Con descripcion Food{description='Pizza', serviceTime=364} ingreso en el tiempo: 364
La orden del cliente: C360 - Con descripcion Food{description='Pizza', serviceTime=360} ingreso en el tiempo: 360
La orden del cliente: C366 - Con descripcion Food{description='Pizza', serviceTime=366} ingreso en el tiempo: 366
La orden del cliente: C368 - Con descripcion Food{description='Hamburguesa', serviceTime=368} ingreso en el tiempo: 368
La orden del cliente: C369 - Con descripcion Food{description='Pizza', serviceTime=369} ingreso en el tiempo: 369
La orden del cliente: C370 - Con descripcion Food{description='Hamburguesa', serviceTime=370} ingreso en el tiempo: 370
La orden del cliente: C372 - Con descripcion Food{description='Asado', serviceTime=372} ingreso en el tiempo: 372
La orden del cliente: C373 - Con descripcion Food{description='Hamburguesa', serviceTime=373} ingreso en el tiempo: 373
La orden del cliente: C362 - Con descripcion Food{description='Hamburguesa', serviceTime=362} ingreso en el tiempo: 362
La orden del cliente: C375 - Con descripcion Food{description='Hamburguesa', serviceTime=375} ingreso en el tiempo: 375
La orden del cliente: C377 - Con descripcion Food{description='Hamburguesa', serviceTime=377} ingreso en el tiempo: 377
La orden del cliente: C378 - Con descripcion Food{description='Empanadas', serviceTime=378} ingreso en el tiempo: 378
La orden del cliente: C380 - Con descripcion Food{description='Pizza', serviceTime=380} ingreso en el tiempo: 380
La orden del cliente: C381 - Con descripcion Food{description='Pizza', serviceTime=381} ingreso en el tiempo: 381
La orden del cliente: C363 - Con descripcion Food{description='Hamburguesa', serviceTime=363} ingreso en el tiempo: 363
La orden del cliente: C382 - Con descripcion Food{description='Hamburguesa', serviceTime=382} ingreso en el tiempo: 382
La orden del cliente: C383 - Con descripcion Food{description='Asado', serviceTime=383} ingreso en el tiempo: 383
La orden del cliente: C384 - Con descripcion Food{description='Hamburguesa', serviceTime=384} ingreso en el tiempo: 384
La orden del cliente: C388 - Con descripcion Food{description='Hamburguesa', serviceTime=388} ingreso en el tiempo: 388
La orden del cliente: C389 - Con descripcion Food{description='Pizza', serviceTime=389} ingreso en el tiempo: 389
La orden del cliente: C390 - Con descripcion Food{description='Hamburguesa', serviceTime=390} ingreso en el tiempo: 390
La orden del cliente: C365 - Con descripcion Food{description='Hamburguesa', serviceTime=365} ingreso en el tiempo: 365
La orden del cliente: C367 - Con descripcion Food{description='Pizza', serviceTime=367} ingreso en el tiempo: 367
La orden del cliente: C371 - Con descripcion Food{description='Hamburguesa', serviceTime=371} ingreso en el tiempo: 371
La orden del cliente: C391 - Con descripcion Food{description='Asado', serviceTime=391} ingreso en el tiempo: 391
La orden del cliente: C374 - Con descripcion Food{description='Hamburguesa', serviceTime=374} ingreso en el tiempo: 374
La orden del cliente: C376 - Con descripcion Food{description='Pizza', serviceTime=376} ingreso en el tiempo: 376
La orden del cliente: C379 - Con descripcion Food{description='Hamburguesa', serviceTime=379} ingreso en el tiempo: 379
La orden del cliente: C385 - Con descripcion Food{description='Pizza', serviceTime=385} ingreso en el tiempo: 385
La orden del cliente: C386 - Con descripcion Food{description='Empanadas', serviceTime=386} ingreso en el tiempo: 386
La orden del cliente: C387 - Con descripcion Food{description='Hamburguesa', serviceTime=387} ingreso en el tiempo: 387
La orden del cliente: C392 - Con descripcion Food{description='Empanadas', serviceTime=392} ingreso en el tiempo: 392
La orden del cliente: C393 - Con descripcion Food{description='Hamburguesa', serviceTime=393} ingreso en el tiempo: 393
La orden del cliente: C395 - Con descripcion Food{description='Empanadas', serviceTime=395} ingreso en el tiempo: 395
La orden del cliente: C394 - Con descripcion Food{description='Pizza', serviceTime=394} ingreso en el tiempo: 394
La orden del cliente: C399 - Con descripcion Food{description='Asado', serviceTime=399} ingreso en el tiempo: 399
La orden del cliente: C396 - Con descripcion Food{description='Hamburguesa', serviceTime=396} ingreso en el tiempo: 396
La orden del cliente: C397 - Con descripcion Food{description='Hamburguesa', serviceTime=397} ingreso en el tiempo: 397
La orden del cliente: C398 - Con descripcion Food{description='Pizza', serviceTime=398} ingreso en el tiempo: 398
La orden del cliente: C400 - Con descripcion Food{description='Pizza', serviceTime=400} ingreso en el tiempo: 400
